{
    "0": [
        0.0005922317504882812,
        0.0044116973876953125,
        0.006205081939697266,
        0.09314346313476562,
        0.05346536636352539,
        0.16998672485351562,
        0.7173182964324951,
        0.003898143768310547,
        0.08838558197021484,
        9.1552734375e-05
    ],
    "1": [
        0.0015411376953125,
        0.0070590972900390625,
        0.011621952056884766,
        0.16684246063232422,
        0.07268571853637695,
        0.2587728500366211,
        0.7978811264038086,
        0.006539344787597656,
        0.11035394668579102,
        0.0001392364501953125
    ],
    "2": [
        0.003192424774169922,
        0.010628700256347656,
        0.020153045654296875,
        0.24645137786865234,
        0.09421396255493164,
        0.36002302169799805,
        0.8728060722351074,
        0.010723590850830078,
        0.12964248657226562,
        0.00020503997802734375
    ],
    "3": [
        0.0059452056884765625,
        0.01483154296875,
        0.033677101135253906,
        0.34819984436035156,
        0.1172642707824707,
        0.4672281742095947,
        0.9360003471374512,
        0.01745462417602539,
        0.15006637573242188,
        0.00030040740966796875
    ],
    "4": [
        0.010021686553955078,
        0.019263744354248047,
        0.05172443389892578,
        0.45399045944213867,
        0.14203739166259766,
        0.5746116638183594,
        0.9862968921661377,
        0.027111530303955078,
        0.16973400115966797,
        0.0004329681396484375
    ],
    "5": [
        0.014630794525146484,
        0.023851394653320312,
        0.0741724967956543,
        0.5535082817077637,
        0.16625738143920898,
        0.6622192859649658,
        1.02647066116333,
        0.040361881256103516,
        0.18729877471923828,
        0.000583648681640625
    ],
    "6": [
        0.019121170043945312,
        0.02794647216796875,
        0.09716272354125977,
        0.6330392360687256,
        0.1862039566040039,
        0.7270207405090332,
        1.0581040382385254,
        0.05500078201293945,
        0.2008509635925293,
        0.0007333755493164062
    ],
    "7": [
        0.02254772186279297,
        0.031271934509277344,
        0.11523723602294922,
        0.6905879974365234,
        0.1990671157836914,
        0.7687263488769531,
        1.0782361030578613,
        0.0689840316772461,
        0.2095317840576172,
        0.0008697509765625
    ],
    "8": [
        0.024231910705566406,
        0.03302574157714844,
        0.123321533203125,
        0.7148613929748535,
        0.2054915428161621,
        0.7866590023040771,
        1.0876455307006836,
        0.07756376266479492,
        0.21321773529052734,
        0.0009317398071289062
    ],
    "9": [
        0.02471446990966797,
        0.033812522888183594,
        0.1264944076538086,
        0.7223532199859619,
        0.2076873779296875,
        0.7914228439331055,
        1.0902800559997559,
        0.08154439926147461,
        0.21481609344482422,
        0.0009508132934570312
    ],
    "10": [
        0.02515268325805664,
        0.03452587127685547,
        0.1286783218383789,
        0.7283132076263428,
        0.20930004119873047,
        0.7947864532470703,
        1.0925252437591553,
        0.08516263961791992,
        0.2163243293762207,
        0.0009622573852539062
    ]
}