{
    "0": [
        0.00021457672119140625,
        8.487701416015625e-05,
        1.621246337890625e-05,
        0.07747077941894531,
        0.023992061614990234,
        0.05474853515625,
        0.0010213851928710938,
        6.67572021484375e-05,
        0.022243499755859375,
        7.915496826171875e-05
    ],
    "1": [
        3.162618637084961,
        0.12821388244628906,
        0.01133584976196289,
        8.850547790527344,
        4.820755958557129,
        6.157564640045166,
        5.063852310180664,
        0.014043807983398438,
        8.744295120239258,
        0.001155853271484375
    ],
    "2": [
        10.898175239562988,
        5.629433631896973,
        3.974806785583496,
        12.86838150024414,
        9.88641357421875,
        9.821356773376465,
        11.150517463684082,
        3.8106160163879395,
        15.630271911621094,
        0.01042032241821289
    ],
    "3": [
        13.651559829711914,
        9.996809005737305,
        8.413246154785156,
        15.490232467651367,
        12.975807189941406,
        13.386774063110352,
        14.420751571655273,
        9.424476623535156,
        18.358007431030273,
        0.10999727249145508
    ],
    "4": [
        15.33707046508789,
        12.401415824890137,
        12.517948150634766,
        16.989450454711914,
        14.970671653747559,
        15.821115493774414,
        16.550352096557617,
        12.76297378540039,
        19.250370025634766,
        1.8014183044433594
    ],
    "5": [
        15.989665985107422,
        13.898639678955078,
        14.951465606689453,
        18.203594207763672,
        16.436447143554688,
        17.427223205566406,
        17.955644607543945,
        14.888854026794434,
        20.95915412902832,
        6.791894912719727
    ],
    "6": [
        17.03647232055664,
        14.91891860961914,
        16.28728485107422,
        18.88494300842285,
        17.589632034301758,
        18.565818786621094,
        18.646657943725586,
        16.42222785949707,
        20.941574096679688,
        11.87394905090332
    ],
    "7": [
        17.737770080566406,
        15.065924644470215,
        17.350601196289062,
        20.462074279785156,
        18.50847053527832,
        19.207599639892578,
        19.807039260864258,
        17.80455207824707,
        22.17629623413086,
        14.658329010009766
    ],
    "8": [
        17.952533721923828,
        16.400148391723633,
        17.299579620361328,
        20.499910354614258,
        19.142656326293945,
        20.202756881713867,
        21.166744232177734,
        18.55675506591797,
        22.362110137939453,
        16.9161434173584
    ],
    "9": [
        18.690093994140625,
        16.371320724487305,
        18.78548812866211,
        21.71526527404785,
        19.663814544677734,
        20.537717819213867,
        22.287498474121094,
        19.52711296081543,
        22.661922454833984,
        18.65962791442871
    ],
    "10": [
        18.815792083740234,
        17.086660385131836,
        18.585634231567383,
        20.384479522705078,
        20.29714584350586,
        21.169618606567383,
        22.66581153869629,
        19.501754760742188,
        23.223819732666016,
        19.661983489990234
    ]
}